speedLimit25_1405043577.avi_image0.png,25
speedLimit25_1404939521.avi_image0.png,25
speedLimit25_1398812584.avi_image0.png,25
speedLimit25_1405043577.avi_image1.png,25
speedLimit25_1405043577.avi_image2.png,25
speedLimit25_1405118059.avi_image0.png,25
speedLimit25_1405043887.avi_image0.png,25
speedLimit25_1405043584.avi_image0.png,25
speedLimit25_1404939521.avi_image1.png,25
speedLimit25_1405039692.avi_image0.png,25
speedLimit25_1405043584.avi_image1.png,25
speedLimit25_1405466345.avi_image0.png,25
speedLimit25_1405384061.avi_image8.png,25
speedLimit25_1405384061.avi_image1.png,25
speedLimit25_1398990799.avi_image0.png,25
speedLimit25_1404939579.avi_image0.png,25
speedLimit25_1405384061.avi_image14.png,25
speedLimit25_1405384061.avi_image10.png,25
speedLimit25_1398988401.avi_image0.png,25
speedLimit25_1405384061.avi_image5.png,25
speedLimit25_1405466345.avi_image2.png,25
speedLimit25_1398812584.avi_image1.png,25
speedLimit25_1398984877.avi_image0.png,25
speedLimit25_1405384061.avi_image9.png,25
speedLimit25_1405118059.avi_image1.png,25
speedLimit25_1398812407.avi_image1.png,25
speedLimit25_1405384061.avi_image16.png,25
speedLimit25_1398812892.avi_image0.png,25
speedLimit25_1405384061.avi_image11.png,25
speedLimit25_1405361820.avi_image0.png,25
speedLimit25_1405384061.avi_image3.png,25
speedLimit25_1405384061.avi_image0.png,25
speedLimit25_1398984877.avi_image2.png,25
speedLimit25_1405039692.avi_image1.png,25
speedLimit25_1405384061.avi_image15.png,25
speedLimit25_1405384061.avi_image7.png,25
speedLimit25_1405466345.avi_image4.png,25
speedLimit25_1405384061.avi_image4.png,25
speedLimit25_1404941810.avi_image0.png,25
speedLimit25_1405384061.avi_image17.png,25
speedLimit25_1405384061.avi_image6.png,25
speedLimit25_1405384061.avi_image2.png,25
speedLimit25_1405371593.avi_image1.png,25
speedLimit25_1405043887.avi_image1.png,25
speedLimit25_1398984877.avi_image1.png,25
speedLimit25_1405466345.avi_image3.png,25
speedLimit25_1398812718.avi_image0.png,25
speedLimit25_1398812892.avi_image1.png,25
speedLimit25_1405384061.avi_image13.png,25
speedLimit25_1405466617.avi_image0.png,25
speedLimit25_1405118053.avi_image0.png,25
speedLimit25_1398812584.avi_image2.png,25
speedLimit25_1405384014.avi_image2.png,25
speedLimit25_1405466345.avi_image1.png,25
speedLimit25_1405384373.avi_image2.png,25
speedLimit25_1405384014.avi_image3.png,25
speedLimit25_1405466345.avi_image5.png,25
speedLimit25_1398812407.avi_image2.png,25
speedLimit25_1405384373.avi_image6.png,25
speedLimit25_1405384014.avi_image6.png,25
speedLimit25_1405361839.avi_image0.png,25
speedLimit25_1405043584.avi_image2.png,25
speedLimit25_1405466617.avi_image2.png,25
speedLimit25_1405384061.avi_image19.png,25
speedLimit25_1405361772.avi_image0.png,25
speedLimit25_1405384014.avi_image0.png,25
speedLimit25_1405043577.avi_image3.png,25
speedLimit25_1405384014.avi_image10.png,25
speedLimit25_1404939579.avi_image1.png,25
speedLimit25_1398988401.avi_image1.png,25
speedLimit25_1405384373.avi_image5.png,25
speedLimit25_1405384014.avi_image5.png,25
speedLimit25_1404941054.avi_image0.png,25
speedLimit25_1405384061.avi_image12.png,25
speedLimit25_1405384014.avi_image7.png,25
speedLimit25_1405384014.avi_image1.png,25
speedLimit25_1398812671.avi_image0.png,25
speedLimit25_1404941779.avi_image0.png,25
speedLimit25_1405384061.avi_image20.png,25
speedLimit25_1405362069.avi_image0.png,25
speedLimit25_1405384061.avi_image18.png,25
speedLimit25_1405384333.avi_image7.png,25
speedLimit25_1398988309.avi_image0.png,25
speedLimit25_1398990799.avi_image1.png,25
speedLimit25_1405466617.avi_image1.png,25
speedLimit25_1405361820.avi_image1.png,25
speedLimit25_1405466603.avi_image2.png,25
speedLimit25_1398812718.avi_image1.png,25
speedLimit25_1405040113.avi_image0.png,25
speedLimit25_1405384061.avi_image21.png,25
speedLimit25_1405034386.avi_image0.png,25
speedLimit25_1404941779.avi_image1.png,25
speedLimit25_1398988371.avi_image0.png,25
speedLimit25_1404939579.avi_image2.png,25
speedLimit25_1405466603.avi_image1.png,25
speedLimit25_1405384014.avi_image11.png,25
speedLimit25_1405466603.avi_image3.png,25
speedLimit25_1405466603.avi_image4.png,25
speedLimit25_1405384373.avi_image4.png,25
speedLimit25_1404948650.avi_image0.png,25
speedLimit25_1405371593.avi_image0.png,25
speedLimit25_1398984877.avi_image3.png,25
speedLimit25_1405384061.avi_image22.png,25
speedLimit25_1405466345.avi_image6.png,25
speedLimit25_1405118481.avi_image0.png,25
speedLimit25_1405384014.avi_image13.png,25
speedLimit25_1405384014.avi_image4.png,25
speedLimit25_1398991213.avi_image0.png,25
speedLimit25_1405362069.avi_image1.png,25
speedLimit25_1405384373.avi_image0.png,25
speedLimit25_1405362069.avi_image2.png,25
speedLimit25_1405372322.avi_image0.png,25
speedLimit25_1405384373.avi_image3.png,25
speedLimit25_1404941810.avi_image1.png,25
speedLimit25_1405466617.avi_image3.png,25
speedLimit25_1398988132.avi_image0.png,25
speedLimit25_1404941054.avi_image1.png,25
speedLimit25_1405466617.avi_image7.png,25
speedLimit25_1405034815.avi_image0.png,25
speedLimit25_1405384061.avi_image25.png,25
speedLimit25_1405384014.avi_image12.png,25
speedLimit25_1405362008.avi_image0.png,25
speedLimit25_1405384373.avi_image1.png,25
speedLimit25_1405034625.avi_image0.png,25
speedLimit25_1405466617.avi_image5.png,25
speedLimit25_1405384014.avi_image9.png,25
speedLimit25_1405371593.avi_image2.png,25
speedLimit25_1405384373.avi_image9.png,25
speedLimit25_1405466617.avi_image4.png,25
speedLimit25_1405384269.avi_image2.png,25
speedLimit25_1405384061.avi_image24.png,25
speedLimit25_1405384014.avi_image8.png,25
speedLimit25_1405466603.avi_image0.png,25
speedLimit25_1398812892.avi_image2.png,25
speedLimit25_1405384014.avi_image19.png,25
speedLimit25_1405384014.avi_image15.png,25
speedLimit25_1404939521.avi_image2.png,25
speedLimit25_1405384373.avi_image7.png,25
speedLimit25_1405043887.avi_image2.png,25
speedLimit25_1404939579.avi_image3.png,25
speedLimit25_1398990799.avi_image2.png,25
speedLimit25_1405384061.avi_image23.png,25
speedLimit25_1405043782.avi_image0.png,25
speedLimit25_1405039692.avi_image2.png,25
speedLimit25_1405466345.avi_image7.png,25
speedLimit25_1398988401.avi_image2.png,25
speedLimit25_1405361772.avi_image1.png,25
speedLimit25_1405034625.avi_image1.png,25
speedLimit25_1405384373.avi_image8.png,25
speedLimit25_1405384061.avi_image28.png,25
speedLimit25_1405384061.avi_image29.png,25
speedLimit25_1405466617.avi_image6.png,25
speedLimit25_1405034625.avi_image2.png,25
speedLimit25_1398812892.avi_image3.png,25
speedLimit25_1398988309.avi_image1.png,25
speedLimit25_1405384269.avi_image1.png,25
speedLimit25_1405466603.avi_image6.png,25
speedLimit25_1405384333.avi_image6.png,25
speedLimit25_1405044028.avi_image0.png,25
speedLimit25_1405118053.avi_image1.png,25
speedLimit25_1405111376.avi_image0.png,25
speedLimit25_1405466603.avi_image5.png,25
speedLimit25_1405034625.avi_image3.png,25
speedLimit25_1405361839.avi_image1.png,25
speedLimit25_1405361967.avi_image0.png,25
speedLimit25_1405466345.avi_image8.png,25
speedLimit25_1405040113.avi_image1.png,25
speedLimit25_1405384014.avi_image20.png,25
speedLimit25_1398812671.avi_image1.png,25
speedLimit25_1405384333.avi_image10.png,25
speedLimit25_1398993156.avi_image0.png,25
speedLimit25_1398812584.avi_image3.png,25
speedLimit25_1405371593.avi_image3.png,25
speedLimit25_1398988371.avi_image1.png,25
speedLimit25_1405384061.avi_image26.png,25
speedLimit25_1405361772.avi_image2.png,25
speedLimit25_1405111376.avi_image1.png,25
speedLimit25_1405384014.avi_image17.png,25
speedLimit25_1405361801.avi_image0.png,25
speedLimit25_1398812451.avi_image2.png,25
speedLimit25_1405038782.avi_image1.png,25
speedLimit25_1405044098.avi_image0.png,25
speedLimit25_1405384014.avi_image18.png,25
speedLimit25_1405118059.avi_image2.png,25
speedLimit25_1405466603.avi_image7.png,25
speedLimit25_1405361801.avi_image1.png,25
speedLimit25_1398812718.avi_image2.png,25
speedLimit25_1405384014.avi_image21.png,25
speedLimit25_1405384269.avi_image0.png,25
speedLimit25_1405384269.avi_image4.png,25
speedLimit25_1405361820.avi_image2.png,25
speedLimit25_1398991213.avi_image1.png,25
speedLimit25_1405384061.avi_image34.png,25
speedLimit25_1405361967.avi_image3.png,25
speedLimit25_1405466617.avi_image8.png,25
speedLimit25_1404941779.avi_image2.png,25
speedLimit25_1405361967.avi_image1.png,25
speedLimit25_1405384061.avi_image30.png,25
speedLimit25_1405111395.avi_image0.png,25
speedLimit25_1405106365.avi_image0.png,25
speedLimit25_1405384014.avi_image14.png,25
speedLimit25_1398812407.avi_image3.png,25
speedLimit25_1405384014.avi_image25.png,25
speedLimit25_1405043782.avi_image1.png,25
speedLimit25_1405384333.avi_image17.png,25
speedLimit25_1405384014.avi_image16.png,25
speedLimit25_1405384061.avi_image32.png,25
speedLimit25_1405384333.avi_image9.png,25
speedLimit25_1405466498.avi_image0.png,25
speedLimit25_1405361967.avi_image2.png,25
speedLimit25_1405466498.avi_image2.png,25
speedLimit25_1405466617.avi_image9.png,25
speedLimit25_1405039692.avi_image3.png,25
speedLimit25_1405384333.avi_image8.png,25
speedLimit25_1405384373.avi_image10.png,25
speedLimit25_1405038782.avi_image0.png,25
speedLimit25_1405111376.avi_image2.png,25
speedLimit25_1405466345.avi_image9.png,25
speedLimit25_1404941054.avi_image2.png,25
speedLimit25_1405384061.avi_image27.png,25
speedLimit25_1405384014.avi_image23.png,25
speedLimit25_1405118481.avi_image1.png,25
speedLimit25_1405384333.avi_image5.png,25
speedLimit25_1405384333.avi_image12.png,25
speedLimit25_1405466603.avi_image8.png,25
speedLimit25_1398988371.avi_image2.png,25
speedLimit25_1405034625.avi_image4.png,25
speedLimit25_1405384014.avi_image24.png,25
speedLimit25_1405384373.avi_image12.png,25
speedLimit25_1405384333.avi_image13.png,25
speedLimit25_1405466498.avi_image6.png,25
speedLimit25_1405384373.avi_image13.png,25
speedLimit25_1405384373.avi_image19.png,25
speedLimit25_1405384061.avi_image33.png,25
speedLimit25_1405384373.avi_image17.png,25
speedLimit25_1405044028.avi_image1.png,25
speedLimit25_1405384014.avi_image22.png,25
speedLimit25_1405361772.avi_image3.png,25
speedLimit25_1405384373.avi_image16.png,25
speedLimit25_1405384014.avi_image26.png,25
speedLimit25_1405384269.avi_image3.png,25
speedLimit25_1398984877.avi_image4.png,25
speedLimit25_1405044108.avi_image0.png,25
speedLimit25_1405466603.avi_image9.png,25
speedLimit25_1405384061.avi_image35.png,25
speedLimit25_1405362008.avi_image1.png,25
speedLimit25_1405044098.avi_image1.png,25
speedLimit25_1405384014.avi_image29.png,25
speedLimit25_1405362069.avi_image3.png,25
speedLimit25_1398991101.avi_image0.png,25
speedLimit25_1405034901.avi_image1.png,25
speedLimit25_1405384373.avi_image15.png,25
speedLimit25_1405384014.avi_image27.png,25
speedLimit25_1405466617.avi_image10.png,25
speedLimit25_1405384333.avi_image21.png,25
speedLimit25_1405384061.avi_image31.png,25
speedLimit25_1405466498.avi_image3.png,25
speedLimit25_1405384333.avi_image18.png,25
speedLimit25_1398988132.avi_image1.png,25
speedLimit25_1405384014.avi_image28.png,25
speedLimit25_1405043887.avi_image3.png,25
speedLimit25_1405466498.avi_image4.png,25
speedLimit25_1398991213.avi_image2.png,25
speedLimit25_1405466498.avi_image1.png,25
speedLimit25_1405466498.avi_image5.png,25
speedLimit25_1405384333.avi_image11.png,25
speedLimit25_1405034386.avi_image1.png,25
speedLimit25_1405361967.avi_image4.png,25
speedLimit25_1405034393.avi_image0.png,25
speedLimit25_1405466345.avi_image11.png,25
speedLimit25_1405384014.avi_image30.png,25
speedLimit25_1405372322.avi_image1.png,25
speedLimit25_1405466345.avi_image10.png,25
speedLimit25_1405034625.avi_image6.png,25
speedLimit25_1398990799.avi_image3.png,25
speedLimit25_1405384373.avi_image11.png,25
speedLimit25_1405361967.avi_image5.png,25
speedLimit25_1405384333.avi_image15.png,25
speedLimit25_1405362069.avi_image4.png,25
speedLimit25_1405384269.avi_image6.png,25
speedLimit25_1405384373.avi_image14.png,25
speedLimit25_1404941054.avi_image3.png,25
speedLimit25_1405384333.avi_image14.png,25
speedLimit25_1405384373.avi_image18.png,25
speedLimit25_1405384269.avi_image8.png,25
speedLimit25_1405384373.avi_image21.png,25
speedLimit25_1405106365.avi_image1.png,25
speedLimit25_1405371593.avi_image4.png,25
speedLimit25_1405384061.avi_image36.png,25
speedLimit25_1405361839.avi_image2.png,25
speedLimit25_1405384269.avi_image5.png,25
speedLimit25_1405384269.avi_image7.png,25
speedLimit25_1405111395.avi_image1.png,25
speedLimit25_1405384269.avi_image9.png,25
speedLimit25_1405034901.avi_image0.png,25
speedLimit25_1398988401.avi_image3.png,25
speedLimit25_1405384014.avi_image33.png,25
speedLimit25_1405043584.avi_image3.png,25
speedLimit25_1398988309.avi_image2.png,25
speedLimit25_1405384061.avi_image38.png,25
speedLimit25_1405034393.avi_image1.png,25
speedLimit25_1405466617.avi_image11.png,25
speedLimit25_1398812451.avi_image3.png,25
speedLimit25_1405361801.avi_image2.png,25
speedLimit25_1405466498.avi_image8.png,25
speedLimit25_1405466603.avi_image10.png,25
speedLimit25_1405106365.avi_image2.png,25
speedLimit25_1405384333.avi_image16.png,25
speedLimit25_1404941779.avi_image3.png,25
speedLimit25_1405111376.avi_image3.png,25
speedLimit25_1405384333.avi_image20.png,25
speedLimit25_1405034625.avi_image5.png,25
speedLimit25_1405384014.avi_image31.png,25
speedLimit25_1405466498.avi_image7.png,25
speedLimit25_1405384348.avi_image0.png,25
speedLimit25_1405359206.avi_image0.png,25
speedLimit25_1405034625.avi_image8.png,25
speedLimit25_1405384061.avi_image39.png,25
speedLimit25_1405384333.avi_image19.png,25
speedLimit25_1405384348.avi_image2.png,25
speedLimit25_1405466617.avi_image12.png,25
speedLimit25_1405384373.avi_image22.png,25
speedLimit25_1405466603.avi_image12.png,25
speedLimit25_1398991101.avi_image1.png,25
speedLimit25_1405384269.avi_image10.png,25
speedLimit25_1405384014.avi_image36.png,25
speedLimit25_1405384014.avi_image32.png,25
speedLimit25_1405384014.avi_image38.png,25
speedLimit25_1398812584.avi_image4.png,25
speedLimit25_1405384348.avi_image4.png,25
speedLimit25_1405384269.avi_image12.png,25
speedLimit25_1405384014.avi_image35.png,25
speedLimit25_1404948650.avi_image1.png,25
speedLimit25_1405118053.avi_image2.png,25
speedLimit25_1405384348.avi_image1.png,25
speedLimit25_1405384061.avi_image37.png,25
speedLimit25_1398984877.avi_image5.png,25
speedLimit25_1405034815.avi_image1.png,25
speedLimit25_1405044108.avi_image1.png,25
speedLimit25_1405372322.avi_image2.png,25
speedLimit25_1405466498.avi_image9.png,25
speedLimit25_1405466603.avi_image11.png,25
speedLimit25_1405384333.avi_image24.png,25
speedLimit25_1405384014.avi_image34.png,25
speedLimit25_1405384373.avi_image25.png,25
speedLimit25_1405384333.avi_image25.png,25
speedLimit25_1405384373.avi_image24.png,25
speedLimit25_1405466617.avi_image13.png,25
speedLimit25_1398990799.avi_image4.png,25
speedLimit25_1405384014.avi_image37.png,25
speedLimit25_1405384373.avi_image23.png,25
speedLimit25_1398812671.avi_image2.png,25
speedLimit25_1405384373.avi_image29.png,25
speedLimit25_1405034625.avi_image7.png,25
speedLimit25_1405384373.avi_image26.png,25
speedLimit25_1405384348.avi_image3.png,25
speedLimit25_1405384373.avi_image28.png,25
speedLimit25_1405384269.avi_image11.png,25
speedLimit25_1405043838.avi_image0.png,25
speedLimit25_1405118545.avi_image0.png,25
speedLimit25_1405043577.avi_image4.png,25
speedLimit25_1405371593.avi_image5.png,25
speedLimit25_1405044028.avi_image2.png,25
speedLimit25_1405384373.avi_image32.png,25
speedLimit25_1405384333.avi_image22.png,25
speedLimit25_1405384269.avi_image13.png,25
speedLimit25_1405384269.avi_image14.png,25
speedLimit25_1405384348.avi_image5.png,25
speedLimit25_1405384061.avi_image40.png,25
speedLimit25_1405466498.avi_image12.png,25
speedLimit25_1405384348.avi_image8.png,25
speedLimit25_1398988309.avi_image3.png,25
speedLimit25_1405384061.avi_image44.png,25
speedLimit25_1405384333.avi_image23.png,25
speedLimit25_1405362038.avi_image0.png,25
speedLimit25_1398993156.avi_image1.png,25
speedLimit25_1405384373.avi_image30.png,25
speedLimit25_1405384373.avi_image27.png,25
speedLimit25_1405384373.avi_image43.png,25
speedLimit25_1405384348.avi_image6.png,25
speedLimit25_1405384348.avi_image9.png,25
speedLimit25_1405384348.avi_image7.png,25
speedLimit25_1405384269.avi_image15.png,25
speedLimit25_1405044098.avi_image2.png,25
speedLimit25_1405384348.avi_image11.png,25
speedLimit25_1405466603.avi_image15.png,25
speedLimit25_1405384014.avi_image39.png,25
speedLimit25_1405466603.avi_image14.png,25
speedLimit25_1405111376.avi_image4.png,25
speedLimit25_1405384373.avi_image20.png,25
speedLimit25_1405466498.avi_image10.png,25
speedLimit25_1405111376.avi_image5.png,25
speedLimit25_1405384061.avi_image41.png,25
speedLimit25_1405034393.avi_image2.png,25
speedLimit25_1398991101.avi_image2.png,25
speedLimit25_1405384061.avi_image43.png,25
speedLimit25_1405466603.avi_image13.png,25
speedLimit25_1405362008.avi_image2.png,25
speedLimit25_1405466603.avi_image16.png,25
speedLimit25_1398991213.avi_image3.png,25
speedLimit25_1405384373.avi_image39.png,25
speedLimit25_1405359176.avi_image0.png,25
speedLimit25_1405384014.avi_image42.png,25
speedLimit25_1405384014.avi_image40.png,25
speedLimit25_1405384373.avi_image31.png,25
speedLimit25_1405034815.avi_image2.png,25
speedLimit25_1405034625.avi_image10.png,25
speedLimit25_1405384061.avi_image42.png,25
speedLimit25_1405384373.avi_image35.png,25
speedLimit25_1398812451.avi_image0.png,25
speedLimit25_1405384373.avi_image40.png,25
speedLimit25_1405466498.avi_image14.png,25
speedLimit25_1405043838.avi_image1.png,25
speedLimit25_1405466498.avi_image11.png,25
speedLimit25_1405384348.avi_image10.png,25
speedLimit25_1405466617.avi_image14.png,25
speedLimit25_1405466345.avi_image12.png,25
speedLimit25_1404941054.avi_image4.png,25
speedLimit25_1405362069.avi_image5.png,25
speedLimit25_1405384014.avi_image41.png,25
speedLimit25_1398988371.avi_image3.png,25
speedLimit25_1405384014.avi_image46.png,25
speedLimit25_1405384014.avi_image45.png,25
speedLimit25_1405466345.avi_image13.png,25
speedLimit25_1405384373.avi_image33.png,25
speedLimit25_1405384373.avi_image36.png,25
speedLimit25_1405466498.avi_image13.png,25
speedLimit25_1405362038.avi_image1.png,25
speedLimit25_1405384061.avi_image46.png,25
speedLimit25_1405384269.avi_image16.png,25
speedLimit25_1405384348.avi_image12.png,25
speedLimit25_1405384373.avi_image51.png,25
speedLimit25_1405384061.avi_image45.png,25
speedLimit25_1398988401.avi_image4.png,25
speedLimit25_1405384373.avi_image41.png,25
speedLimit25_1405384269.avi_image17.png,25
speedLimit25_1405384373.avi_image34.png,25
speedLimit25_1405384348.avi_image13.png,25
speedLimit25_1405384014.avi_image48.png,25
speedLimit25_1405384373.avi_image38.png,25
speedLimit25_1405466617.avi_image15.png,25
speedLimit25_1405384373.avi_image46.png,25
speedLimit25_1398812718.avi_image3.png,25
speedLimit25_1405384014.avi_image43.png,25
speedLimit25_1405384014.avi_image47.png,25
speedLimit25_1405384373.avi_image49.png,25
speedLimit25_1405384061.avi_image47.png,25
speedLimit25_1398812451.avi_image4.png,25
speedLimit25_1405384014.avi_image44.png,25
speedLimit25_1405034625.avi_image9.png,25
speedLimit25_1405384373.avi_image44.png,25
speedLimit25_1405359206.avi_image1.png,25
speedLimit25_1405034625.avi_image12.png,25
speedLimit25_1404941779.avi_image4.png,25
speedLimit25_1405384061.avi_image48.png,25
speedLimit25_1405466498.avi_image15.png,25
speedLimit25_1405384373.avi_image47.png,25
speedLimit25_1405466603.avi_image17.png,25
speedLimit25_1405384014.avi_image49.png,25
speedLimit25_1405466498.avi_image16.png,25
speedLimit25_1405384373.avi_image37.png,25
speedLimit25_1405384373.avi_image42.png,25
speedLimit25_1405384373.avi_image48.png,25
speedLimit25_1405106365.avi_image3.png,25
speedLimit25_1405044108.avi_image2.png,25
speedLimit25_1405384348.avi_image15.png,25
speedLimit25_1405034901.avi_image2.png,25
speedLimit25_1405384348.avi_image14.png,25
speedLimit25_1405384373.avi_image45.png,25
speedLimit25_1405034784.avi_image0.png,25
speedLimit25_1405044098.avi_image3.png,25
speedLimit25_1405384373.avi_image50.png,25
speedLimit25_1405384373.avi_image74.png,25
speedLimit25_1404941054.avi_image5.png,25
speedLimit25_1405384373.avi_image55.png,25
speedLimit25_1398812451.avi_image1.png,25
speedLimit25_1405384269.avi_image18.png,25
speedLimit25_1405384014.avi_image54.png,25
speedLimit25_1405384373.avi_image52.png,25
speedLimit25_1405466498.avi_image18.png,25
speedLimit25_1405466498.avi_image17.png,25
speedLimit25_1405384373.avi_image61.png,25
speedLimit25_1405384373.avi_image57.png,25
speedLimit25_1405384014.avi_image51.png,25
speedLimit25_1405384269.avi_image19.png,25
speedLimit25_1405384373.avi_image60.png,25
speedLimit25_1405466498.avi_image20.png,25
speedLimit25_1405384348.avi_image16.png,25
speedLimit25_1405384373.avi_image64.png,25
speedLimit25_1405384373.avi_image53.png,25
speedLimit25_1405384373.avi_image75.png,25
speedLimit25_1405384373.avi_image67.png,25
speedLimit25_1405034625.avi_image11.png,25
speedLimit25_1405359176.avi_image1.png,25
speedLimit25_1405466603.avi_image18.png,25
speedLimit25_1405384014.avi_image50.png,25
speedLimit25_1405034625.avi_image14.png,25
speedLimit25_1405466345.avi_image14.png,25
speedLimit25_1398812671.avi_image3.png,25
speedLimit25_1398993156.avi_image2.png,25
speedLimit25_1405384373.avi_image70.png,25
speedLimit25_1398812584.avi_image5.png,25
speedLimit25_1405384373.avi_image69.png,25
speedLimit25_1405384373.avi_image59.png,25
speedLimit25_1405384373.avi_image56.png,25
speedLimit25_1405384014.avi_image53.png,25
speedLimit25_1405384269.avi_image20.png,25
speedLimit25_1405466603.avi_image19.png,25
speedLimit25_1405384373.avi_image73.png,25
speedLimit25_1405384373.avi_image103.png,25
speedLimit25_1405362038.avi_image2.png,25
speedLimit25_1405466498.avi_image19.png,25
speedLimit25_1405384373.avi_image54.png,25
speedLimit25_1405384373.avi_image102.png,25
speedLimit25_1405384373.avi_image121.png,25
speedLimit25_1405384373.avi_image58.png,25
speedLimit25_1405384014.avi_image52.png,25
speedLimit25_1405384373.avi_image66.png,25
speedLimit25_1405384373.avi_image105.png,25
speedLimit25_1405384373.avi_image65.png,25
speedLimit25_1405384373.avi_image72.png,25
speedLimit25_1405034625.avi_image13.png,25
speedLimit25_1405384269.avi_image22.png,25
speedLimit25_1405384373.avi_image63.png,25
speedLimit25_1405384269.avi_image21.png,25
speedLimit25_1405384373.avi_image107.png,25
speedLimit25_1405384373.avi_image68.png,25
speedLimit25_1405384373.avi_image71.png,25
speedLimit25_1405384348.avi_image19.png,25
speedLimit25_1405384014.avi_image55.png,25
speedLimit25_1398991213.avi_image4.png,25
speedLimit25_1405466617.avi_image17.png,25
speedLimit25_1398812407.avi_image4.png,25
speedLimit25_1405384373.avi_image106.png,25
speedLimit25_1405384373.avi_image62.png,25
speedLimit25_1405384348.avi_image17.png,25
speedLimit25_1405466617.avi_image18.png,25
speedLimit25_1398988309.avi_image4.png,25
speedLimit25_1405384373.avi_image108.png,25
speedLimit25_1405384348.avi_image18.png,25
speedLimit25_1405034784.avi_image1.png,25
speedLimit25_1405384014.avi_image56.png,25
speedLimit25_1405384373.avi_image104.png,25
speedLimit25_1405384373.avi_image109.png,25
speedLimit25_1405384373.avi_image112.png,25
speedLimit25_1405384373.avi_image118.png,25
speedLimit25_1405466498.avi_image21.png,25
speedLimit25_1405384373.avi_image113.png,25
speedLimit25_1405466617.avi_image16.png,25
speedLimit25_1405384373.avi_image110.png,25
speedLimit25_1405384014.avi_image57.png,25
speedLimit25_1405384348.avi_image20.png,25
speedLimit25_1405384373.avi_image117.png,25
speedLimit25_1398812718.avi_image4.png,25
speedLimit25_1405466498.avi_image22.png,25
speedLimit25_1405384269.avi_image23.png,25
speedLimit25_1405466498.avi_image24.png,25
speedLimit25_1398988371.avi_image4.png,25
speedLimit25_1405466498.avi_image23.png,25
speedLimit25_1405384269.avi_image25.png,25
speedLimit25_1405384373.avi_image116.png,25
speedLimit25_1405384269.avi_image24.png,25
speedLimit25_1405384373.avi_image119.png,25
speedLimit25_1405384373.avi_image114.png,25
speedLimit25_1405384348.avi_image21.png,25
speedLimit25_1405384373.avi_image111.png,25
speedLimit25_1405384373.avi_image115.png,25
speedLimit25_1405466498.avi_image26.png,25
speedLimit25_1405384269.avi_image26.png,25
speedLimit25_1405466498.avi_image25.png,25
speedLimit25_1405384348.avi_image23.png,25
speedLimit25_1405384269.avi_image27.png,25
speedLimit25_1405466498.avi_image28.png,25
speedLimit25_1405384348.avi_image22.png,25
speedLimit25_1405466498.avi_image30.png,25
speedLimit25_1405466498.avi_image32.png,25
speedLimit25_1405466498.avi_image29.png,25
speedLimit25_1405384348.avi_image24.png,25
speedLimit25_1405466498.avi_image27.png,25
speedLimit25_1405034625.avi_image16.png,25
speedLimit25_1398812671.avi_image4.png,25
speedLimit25_1405466498.avi_image31.png,25
speedLimit25_1405034625.avi_image15.png,25
speedLimit25_1405384348.avi_image25.png,25
speedLimit25_1405384348.avi_image26.png,25
speedLimit25_1405384348.avi_image27.png,25
speedLimit25_1398988309.avi_image5.png,25
30_cropped_3.png,30
30_cropped_4.png,30
30_cropped_5.png,30
30_cropped_6.png,30
30_cropped_7.png,30
30_cropped_1.png,30
30_cropped_2.png,30
30_cropped_0.png,30
speedLimit30_1398812999.avi_image0.png,30
speedLimit30_1398812999.avi_image1.png,30
speedLimit30_1398812999.avi_image2.png,30
speedLimit30_1398812999.avi_image3.png,30
speedLimit30_1398813050.avi_image0.png,30
speedLimit30_1398813050.avi_image1.png,30
speedLimit30_1398813050.avi_image2.png,30
speedLimit30_1398813050.avi_image3.png,30
speedLimit30_1398813050.avi_image4.png,30
speedLimit30_1398813050.avi_image5.png,30
speedLimit30_1398813050.avi_image6.png,30
speedLimit30_1398813050.avi_image7.png,30
speedLimit30_1398813050.avi_image8.png,30
speedLimit30_1398984796.avi_image0.png,30
speedLimit30_1398984796.avi_image1.png,30
speedLimit30_1398984796.avi_image2.png,30
speedLimit30_1398984796.avi_image3.png,30
speedLimit30_1398984796.avi_image4.png,30
speedLimit30_1398984796.avi_image5.png,30
speedLimit30_1398984796.avi_image6.png,30
speedLimit30_1398984796.avi_image7.png,30
speedLimit30_1398984796.avi_image8.png,30
speedLimit30_1398991040.avi_image0.png,30
speedLimit30_1398991040.avi_image1.png,30
speedLimit30_1398991040.avi_image2.png,30
speedLimit30_1398991040.avi_image3.png,30
speedLimit30_1398991040.avi_image4.png,30
speedLimit30_1398991269.avi_image0.png,30
speedLimit30_1398991269.avi_image1.png,30
speedLimit30_1398991269.avi_image2.png,30
speedLimit30_1398991269.avi_image3.png,30
speedLimit30_1398991322.avi_image3.png,30
speedLimit30_1398991269.avi_image4.png,30
speedLimit30_1398991269.avi_image5.png,30
speedLimit30_1398991322.avi_image0.png,30
speedLimit30_1398991322.avi_image1.png,30
speedLimit30_1398991322.avi_image2.png,30
speedLimit30_1398993191.avi_image0.png,30
speedLimit30_1398993191.avi_image1.png,30
speedLimit30_1398993191.avi_image2.png,30
speedLimit30_1398993275.avi_image0.png,30
speedLimit30_1398993275.avi_image1.png,30
speedLimit30_1398993275.avi_image3.png,30
speedLimit30_1398993275.avi_image4.png,30
speedLimit30_1404947686.avi_image0.png,30
speedLimit30_1404947686.avi_image1.png,30
speedLimit30_1404947686.avi_image2.png,30
speedLimit30_1398993275.avi_image2.png,30
speedLimit30_1404947686.avi_image3.png,30
speedLimit30_1405111453.avi_image0.png,30
speedLimit30_1405111453.avi_image1.png,30
speedLimit30_1405111453.avi_image2.png,30
speedLimit30_1405111485.avi_image0.png,30
speedLimit30_1405111485.avi_image1.png,30
speedLimit30_1405111766.avi_image0.png,30
speedLimit30_1405111766.avi_image1.png,30
speedLimit30_1405111766.avi_image2.png,30
speedLimit30_1405111766.avi_image3.png,30
speedLimit30_1405111766.avi_image4.png,30
speedLimit30_1405359152.avi_image4.png,30
speedLimit30_1405118835.avi_image0.png,30
speedLimit30_1405118835.avi_image1.png,30
speedLimit30_1405118835.avi_image2.png,30
speedLimit30_1405359152.avi_image0.png,30
speedLimit30_1405359152.avi_image1.png,30
speedLimit30_1405359152.avi_image2.png,30
speedLimit30_1405359152.avi_image3.png,30
speedLimit30_1405359152.avi_image5.png,30
speedLimit30_1405361902.avi_image0.png,30
speedLimit30_1405361902.avi_image1.png,30
speedLimit30_1405361902.avi_image2.png,30
speedLimit30_1405361902.avi_image3.png,30
speedLimit30_1405361902.avi_image4.png,30
speedLimit30_1405361902.avi_image5.png,30
speedLimit30_1405371758.avi_image0.png,30
speedLimit30_1405371758.avi_image1.png,30
speedLimit30_1405371792.avi_image0.png,30
speedLimit30_1405371792.avi_image1.png,30
speedLimit30_1405371792.avi_image2.png,30
speedLimit30_1405371806.avi_image0.png,30
speedLimit30_1405371806.avi_image1.png,30
speedLimit30_1405372293.avi_image0.png,30
speedLimit30_1405372293.avi_image1.png,30
speedLimit30_1405372293.avi_image2.png,30
speedLimit30_1405372293.avi_image3.png,30
speedLimit30_1405372293.avi_image4.png,30
speedLimit30_1405372383.avi_image0.png,30
speedLimit30_1405372383.avi_image2.png,30
speedLimit30_1405372383.avi_image1.png,30
speedLimit30_1405372383.avi_image3.png,30
speedLimit30_1405383310.avi_image0.png,30
speedLimit30_1405383310.avi_image1.png,30
speedLimit30_1405383310.avi_image2.png,30
speedLimit30_1405383310.avi_image3.png,30
speedLimit30_1405383310.avi_image4.png,30
speedLimit30_1405383310.avi_image5.png,30
speedLimit30_1405383310.avi_image6.png,30
speedLimit30_1405383310.avi_image7.png,30
speedLimit30_1405383310.avi_image8.png,30
speedLimit30_1405383310.avi_image9.png,30
speedLimit30_1405383310.avi_image10.png,30
speedLimit30_1405383310.avi_image11.png,30
speedLimit30_1405383310.avi_image12.png,30
speedLimit30_1405383310.avi_image13.png,30
speedLimit30_1405383310.avi_image14.png,30
speedLimit30_1405383310.avi_image15.png,30
speedLimit30_1405383310.avi_image16.png,30
speedLimit30_1405383310.avi_image17.png,30
speedLimit30_1405383310.avi_image18.png,30
speedLimit30_1405383310.avi_image19.png,30
speedLimit30_1405383641.avi_image0.png,30
speedLimit30_1405383641.avi_image1.png,30
speedLimit30_1405383641.avi_image2.png,30
speedLimit30_1405383641.avi_image3.png,30
speedLimit30_1405383641.avi_image4.png,30
speedLimit30_1405383641.avi_image5.png,30
speedLimit30_1405383641.avi_image6.png,30
speedLimit30_1405383641.avi_image7.png,30
speedLimit30_1405383641.avi_image8.png,30
speedLimit30_1405383641.avi_image9.png,30
speedLimit30_1405383641.avi_image10.png,30
speedLimit30_1405383641.avi_image11.png,30
speedLimit30_1405383641.avi_image12.png,30
speedLimit30_1405383641.avi_image13.png,30
speedLimit30_1405383641.avi_image14.png,30
speedLimit30_1405383641.avi_image15.png,30
speedLimit30_1405383641.avi_image16.png,30
speedLimit30_1405383641.avi_image17.png,30
speedLimit30_1405383730.avi_image0.png,30
speedLimit30_1405383730.avi_image1.png,30
speedLimit30_1405383730.avi_image3.png,30
speedLimit30_1405383730.avi_image4.png,30
speedLimit30_1405383730.avi_image5.png,30
speedLimit30_1405383730.avi_image6.png,30
speedLimit30_1405383730.avi_image7.png,30
speedLimit30_1405383730.avi_image8.png,30
speedLimit30_1405383730.avi_image9.png,30
speedLimit30_1405383730.avi_image2.png,30
speedLimit30_1405383730.avi_image10.png,30
speedLimit30_1405383730.avi_image11.png,30
speedLimit30_1405383730.avi_image12.png,30
speedLimit30_1405383730.avi_image13.png,30
speedLimit30_1405383730.avi_image14.png,30
speedLimit30_1405383730.avi_image15.png,30
speedLimit30_1405383730.avi_image16.png,30
speedLimit30_1405383730.avi_image17.png,30
speedLimit30_1405383730.avi_image18.png,30
speedLimit30_1405383730.avi_image19.png,30
speedLimit30_1405383730.avi_image20.png,30
speedLimit35_1398812291.avi_image0.png,35
speedLimit35_1398812291.avi_image1.png,35
speedLimit35_1398812291.avi_image2.png,35
speedLimit35_1398812291.avi_image3.png,35
speedLimit35_1398812291.avi_image4.png,35
speedLimit35_1398984604.avi_image0.png,35
speedLimit35_1398984604.avi_image1.png,35
speedLimit35_1398984604.avi_image2.png,35
speedLimit35_1398984604.avi_image3.png,35
speedLimit35_1398984604.avi_image4.png,35
speedLimit35_1398984604.avi_image5.png,35
speedLimit35_1398987895.avi_image3.png,35
speedLimit35_1398987895.avi_image4.png,35
speedLimit35_1398987961.avi_image0.png,35
speedLimit35_1398987961.avi_image1.png,35
speedLimit35_1398987961.avi_image2.png,35
speedLimit35_1398987961.avi_image3.png,35
speedLimit35_1398987961.avi_image4.png,35
speedLimit35_1398990924.avi_image0.png,35
speedLimit35_1398990924.avi_image1.png,35
speedLimit35_1398990924.avi_image2.png,35
speedLimit35_1398993658.avi_image0.png,35
speedLimit35_1398993658.avi_image1.png,35
speedLimit35_1399493486.avi_image0.png,35
speedLimit35_1399493486.avi_image1.png,35
speedLimit35_1399493486.avi_image2.png,35
speedLimit35_1399493486.avi_image3.png,35
speedLimit35_1399493523.avi_image0.png,35
speedLimit35_1399493523.avi_image1.png,35
speedLimit35_1399493523.avi_image2.png,35
speedLimit35_1399493586.avi_image0.png,35
speedLimit35_1399493586.avi_image1.png,35
speedLimit35_1399493586.avi_image2.png,35
speedLimit35_1399493586.avi_image3.png,35
speedLimit35_1399493586.avi_image4.png,35
speedLimit35_1399493586.avi_image5.png,35
speedLimit35_1399493586.avi_image6.png,35
speedLimit35_1404941161.avi_image0.png,35
speedLimit35_1404941161.avi_image1.png,35
speedLimit35_1404941161.avi_image2.png,35
speedLimit35_1404941161.avi_image3.png,35
speedLimit35_1404942092.avi_image0.png,35
speedLimit35_1404942092.avi_image1.png,35
speedLimit35_1404942092.avi_image2.png,35
speedLimit35_1404942092.avi_image3.png,35
speedLimit35_1404942092.avi_image4.png,35
speedLimit35_1404942092.avi_image5.png,35
speedLimit35_1404942092.avi_image6.png,35
speedLimit35_1404942092.avi_image7.png,35
speedLimit35_1404942092.avi_image8.png,35
speedLimit35_1404942293.avi_image0.png,35
speedLimit35_1404942293.avi_image1.png,35
speedLimit35_1404942375.avi_image0.png,35
speedLimit35_1404942375.avi_image1.png,35
speedLimit35_1404947962.avi_image0.png,35
speedLimit35_1404947962.avi_image1.png,35
speedLimit35_1404947962.avi_image2.png,35
speedLimit35_1404947962.avi_image3.png,35
speedLimit35_1404948278.avi_image0.png,35
speedLimit35_1404948278.avi_image1.png,35
speedLimit35_1404948278.avi_image2.png,35
speedLimit35_1404948429.avi_image0.png,35
speedLimit35_1404948429.avi_image1.png,35
speedLimit35_1405034764.avi_image0.png,35
speedLimit35_1405034764.avi_image1.png,35
speedLimit35_1405034764.avi_image2.png,35
speedLimit35_1405034924.avi_image0.png,35
speedLimit35_1405034924.avi_image1.png,35
speedLimit35_1405034934.avi_image0.png,35
speedLimit35_1405034934.avi_image1.png,35
speedLimit35_1405034934.avi_image2.png,35
speedLimit35_1405034950.avi_image0.png,35
speedLimit35_1405034950.avi_image1.png,35
speedLimit35_1405034950.avi_image2.png,35
speedLimit35_1405034950.avi_image3.png,35
speedLimit35_1405034950.avi_image4.png,35
speedLimit35_1405035024.avi_image0.png,35
speedLimit35_1405035024.avi_image1.png,35
speedLimit35_1405035040.avi_image0.png,35
speedLimit35_1405035040.avi_image1.png,35
speedLimit35_1405038645.avi_image0.png,35
speedLimit35_1405038645.avi_image1.png,35
speedLimit35_1405038645.avi_image2.png,35
speedLimit35_1405039617.avi_image0.png,35
speedLimit35_1405039617.avi_image1.png,35
speedLimit35_1405044271.avi_image0.png,35
speedLimit35_1405044271.avi_image1.png,35
speedLimit35_1405044312.avi_image0.png,35
speedLimit35_1405044312.avi_image1.png,35
speedLimit35_1405106265.avi_image0.png,35
speedLimit35_1405106265.avi_image1.png,35
speedLimit35_1405106583.avi_image0.png,35
speedLimit35_1405106583.avi_image1.png,35
speedLimit35_1405106609.avi_image0.png,35
speedLimit35_1405106609.avi_image1.png,35
speedLimit35_1405106609.avi_image2.png,35
speedLimit35_1405106609.avi_image3.png,35
speedLimit35_1405106609.avi_image4.png,35
speedLimit35_1405106609.avi_image5.png,35
speedLimit35_1405106619.avi_image0.png,35
speedLimit35_1405106619.avi_image1.png,35
speedLimit35_1405106646.avi_image0.png,35
speedLimit35_1405106662.avi_image0.png,35
speedLimit35_1405106662.avi_image1.png,35
speedLimit35_1405106941.avi_image0.png,35
speedLimit35_1405106941.avi_image1.png,35
speedLimit35_1405107001.avi_image0.png,35
speedLimit35_1405107001.avi_image1.png,35
speedLimit35_1405107001.avi_image2.png,35
speedLimit35_1405107001.avi_image3.png,35
speedLimit35_1405107001.avi_image4.png,35
speedLimit35_1405107001.avi_image5.png,35
speedLimit35_1405107033.avi_image0.png,35
speedLimit35_1405107033.avi_image1.png,35
speedLimit35_1405107033.avi_image2.png,35
speedLimit35_1405107033.avi_image3.png,35
speedLimit35_1405107033.avi_image4.png,35
speedLimit35_1405111907.avi_image0.png,35
speedLimit35_1405111907.avi_image1.png,35
speedLimit35_1405111907.avi_image2.png,35
speedLimit35_1405111907.avi_image3.png,35
speedLimit35_1405118735.avi_image0.png,35
speedLimit35_1405118735.avi_image1.png,35
speedLimit35_1405118735.avi_image2.png,35
speedLimit35_1405118735.avi_image3.png,35
speedLimit35_1405359037.avi_image0.png,35
speedLimit35_1405359037.avi_image1.png,35
speedLimit35_1405359080.avi_image0.png,35
speedLimit35_1405359080.avi_image1.png,35
speedLimit35_1405359751.avi_image0.png,35
speedLimit35_1405359751.avi_image1.png,35
speedLimit35_1405359751.avi_image2.png,35
speedLimit35_1405359751.avi_image3.png,35
speedLimit35_1405362300.avi_image0.png,35
speedLimit35_1405362300.avi_image1.png,35
speedLimit35_1405362300.avi_image2.png,35
speedLimit35_1405362653.avi_image0.png,35
speedLimit35_1405362653.avi_image1.png,35
speedLimit35_1405371581.avi_image0.png,35
speedLimit35_1405371581.avi_image1.png,35
speedLimit35_1405371581.avi_image2.png,35
speedLimit40_1404941521.avi_image0.png,40
speedLimit40_1404941521.avi_image1.png,40
speedLimit40_1404941521.avi_image2.png,40
speedLimit40_1404941538.avi_image0.png,40
speedLimit40_1404941538.avi_image1.png,40
speedLimit40_1404942014.avi_image0.png,40
speedLimit40_1404942014.avi_image1.png,40
speedLimit40_1404942014.avi_image2.png,40
speedLimit40_1404942049.avi_image0.png,40
speedLimit40_1404942049.avi_image1.png,40
speedLimit40_1404948467.avi_image0.png,40
speedLimit40_1404948467.avi_image1.png,40
speedLimit40_1404948467.avi_image2.png,40
speedLimit40_1404948678.avi_image0.png,40
speedLimit40_1404948678.avi_image1.png,40
speedLimit40_1404948697.avi_image0.png,40
speedLimit40_1404948697.avi_image1.png,40
speedLimit40_1404948720.avi_image0.png,40
speedLimit40_1404948720.avi_image1.png,40
speedLimit40_1405039480.avi_image0.png,40
speedLimit40_1405039480.avi_image1.png,40
speedLimit40_1405039964.avi_image0.png,40
speedLimit40_1405039964.avi_image1.png,40
speedLimit40_1405039964.avi_image2.png,40
speedLimit40_1405039964.avi_image3.png,40
speedLimit40_1405043721.avi_image0.png,40
speedLimit40_1405043721.avi_image1.png,40
speedLimit40_1405043766.avi_image0.png,40
speedLimit40_1405043766.avi_image1.png,40
speedLimit40_1405043766.avi_image2.png,40
speedLimit40_1405106877.avi_image0.png,40
speedLimit40_1405106877.avi_image1.png,40
speedLimit40_1405106877.avi_image2.png,40
speedLimit40_1405106877.avi_image3.png,40
speedLimit40_1405106877.avi_image4.png,40
speedLimit40_1405106877.avi_image5.png,40
speedLimit40_1405111351.avi_image0.png,40
speedLimit40_1405111351.avi_image1.png,40
speedLimit40_1405111351.avi_image2.png,40
speedLimit40_1405111590.avi_image0.png,40
speedLimit40_1405111590.avi_image1.png,40
speedLimit40_1405111691.avi_image0.png,40
speedLimit40_1405111870.avi_image0.png,40
speedLimit40_1405111870.avi_image1.png,40
speedLimit40_1405111870.avi_image2.png,40
speedLimit40_1405111870.avi_image3.png,40
speedLimit40_1405111870.avi_image4.png,40
speedLimit40_1405118286.avi_image0.png,40
speedLimit40_1405118286.avi_image1.png,40
speedLimit40_1405118286.avi_image2.png,40
speedLimit40_1405118286.avi_image3.png,40
speedLimit40_1405118286.avi_image4.png,40
speedLimit40_1405118416.avi_image0.png,40
speedLimit40_1405118416.avi_image1.png,40
speedLimit40_1405118416.avi_image2.png,40
speedLimit40_1405118917.avi_image0.png,40
speedLimit40_1405118917.avi_image1.png,40
speedLimit40_1405118917.avi_image2.png,40
speedLimit40_1405359562.avi_image0.png,40
speedLimit40_1405359562.avi_image1.png,40
speedLimit40_1405359562.avi_image2.png,40
speedLimit40_1405359732.avi_image0.png,40
speedLimit40_1405359732.avi_image1.png,40
speedLimit40_1405359829.avi_image0.png,40
speedLimit40_1405359829.avi_image1.png,40
speedLimit40_1405359829.avi_image2.png,40
speedLimit40_1405359829.avi_image3.png,40
speedLimit40_1405359914.avi_image0.png,40
speedLimit40_1405359914.avi_image1.png,40
speedLimit40_1405359914.avi_image2.png,40
speedLimit40_1405359914.avi_image3.png,40
speedLimit40_1405360017.avi_image0.png,40
speedLimit40_1405360017.avi_image1.png,40
speedLimit40_1405360028.avi_image0.png,40
speedLimit40_1405360028.avi_image1.png,40
speedLimit40_1405362193.avi_image0.png,40
speedLimit40_1405362193.avi_image1.png,40
speedLimit40_1405362193.avi_image2.png,40
speedLimit40_1405362193.avi_image3.png,40
speedLimit40_1405362193.avi_image4.png,40
speedLimit40_1405362193.avi_image5.png,40
speedLimit40_1405372596.avi_image0.png,40
speedLimit40_1405372596.avi_image1.png,40
speedLimit40_1405372596.avi_image2.png,40
speedLimit40_1405372703.avi_image0.png,40
speedLimit40_1405372703.avi_image1.png,40
speedLimit40_1405372703.avi_image2.png,40
45-0.png,45
45-1.png,45
45-2.png,45
45-3.png,45
45-4.png,45
45-5.png,45
45-6.png,45
45-7.png,45
45-8.png,45
45-9.png,45
45-10.png,45
45-11.png,45
45-12.png,45
45-13.png,45
45-14.png,45
45-15.png,45
45-16.png,45
45-17.png,45
45-18.png,45
45-19.png,45
45-20.png,45
45-21.png,45
45-22.png,45
45-23.png,45
45-24.png,45
45-25.png,45
45-26.png,45
45-27.png,45
45-28.png,45
45-29.png,45
45-30.png,45
45-31.png,45
45-32.png,45
45-33.png,45
45-34.png,45
45-35.png,45
45-36.png,45
45-37.png,45
45-38.png,45
45-39.png,45
45-40.png,45
45-41.png,45
45-42.png,45
45-43.png,45
45-44.png,45
45-45.png,45
45-46.png,45
45-47.png,45
45-48.png,45
45-49.png,45
45-50.png,45
45-51.png,45
45-52.png,45
45-53.png,45
45-54.png,45
45-55.png,45
45-56.png,45
45-57.png,45
45-58.png,45
45-59.png,45
45-60.png,45
45-61.png,45
45-62.png,45
45-63.png,45
45-64.png,45
45-65.png,45
45-66.png,45
45-67.png,45
45-68.png,45
45-69.png,45
45-70.png,45
45-71.png,45
45-72.png,45
45-73.png,45
45-74.png,45
45-75.png,45
45-76.png,45
50-0.png,50
50-1.png,50
50-2.png,50
50-3.png,50
50-4.png,50
50-5.png,50
50-6.png,50
50-7.png,50
50-8.png,50
50-9.png,50
50-10.png,50
50-11.png,50
50-12.png,50
50-13.png,50
50-14.png,50
50-15.png,50
50-16.png,50
50-17.png,50
50-18.png,50
50-19.png,50
50-20.png,50
50-21.png,50
50-22.png,50
50-23.png,50
50-24.png,50
50-25.png,50
50-26.png,50
50-27.png,50
50-28.png,50
50-29.png,50
50-30.png,50
50-31.png,50
50-32.png,50
50-33.png,50
50-34.png,50
50-35.png,50
50-36.png,50
50-37.png,50
50-38.png,50
50-39.png,50
50-40.png,50
50-41.png,50
50-42.png,50
50-43.png,50
50-44.png,50
50-45.png,50
50-46.png,50
50-47.png,50
60-0.png,60
60-1.png,60
60-2.png,60